
{
    "type": "object",
    "properties": {
        "list-box-input-31": {
            "type": "object",
            "properties": {
                "string": {
                    "type": "string",
                    "default": "https://s3.sa-east-1.amazonaws.com/ckan.saude.gov.br/SGL/2022/uf=SE/lote=1/part-00000-fc4c024f-9a6d-4ac8-bd68-abfb6e3b8e9e.c000.csv"
                }
            },
            "description": "csv notificações óbitos",
            "example": {
                "string": "https://s3.sa-east-1.amazonaws.com/ckan.saude.gov.br/SGL/2022/uf=SE/lote=1/part-00000-fc4c024f-9a6d-4ac8-bd68-abfb6e3b8e9e.c000.csv"
            }
        },
        "list-box-input-19:13": {
            "type": "object",
            "properties": {
                "string": {
                    "type": "string",
                    "default": "https://opendatasus.saude.gov.br/dataset/srag-2020\nhttps://opendatasus.saude.gov.br/dataset/srag-2021-a-2023"
                }
            },
            "description": "Enter Description",
            "example": {
                "string": "https://opendatasus.saude.gov.br/dataset/srag-2020\nhttps://opendatasus.saude.gov.br/dataset/srag-2021-a-2023"
            }
        }
    }
}