<?xml version="1.0" encoding="UTF-8"?>
<config xmlns="http://www.knime.org/2008/09/XMLConfig" xmlns:xsi="http://www.w3.org/2001/XMLSchema-instance" xsi:schemaLocation="http://www.knime.org/2008/09/XMLConfig http://www.knime.org/XMLConfig_2008_09.xsd" key="spec.xml">
    <entry key="spec_name" type="xstring" value="default"/>
    <entry key="number_columns" type="xint" value="2"/>
    <config key="column_spec_0">
        <entry key="column_name" type="xstring" value="href"/>
        <config key="element_names">
            <entry key="array-size" type="xint" value="0"/>
        </config>
        <config key="column_type">
            <entry key="cell_class" type="xstring" value="org.knime.core.data.def.StringCell"/>
        </config>
        <config key="column_domain">
            <config key="possible_values">
                <entry key="array-size" type="xint" value="29"/>
                <config key="0">
                    <entry key="datacell" type="xstring" value="org.knime.core.data.def.StringCell"/>
                    <config key="org.knime.core.data.def.StringCell">
                        <entry key="StringCell" type="xstring" value="https://s3.sa-east-1.amazonaws.com/ckan.saude.gov.br/SIPNI/COVID/uf/uf%3DRS/part-00004-b0ace9e5-7a15-46a0-8348-eb9c629f5185.c000.csv"/>
                    </config>
                </config>
                <config key="1">
                    <entry key="datacell" type="xstring" value="org.knime.core.data.def.StringCell"/>
                    <config key="org.knime.core.data.def.StringCell">
                        <entry key="StringCell" type="xstring" value="https://s3.sa-east-1.amazonaws.com/ckan.saude.gov.br/SIPNI/COVID/uf/uf%3DRR/part-00000-b0ace9e5-7a15-46a0-8348-eb9c629f5185.c000.csv"/>
                    </config>
                </config>
                <config key="2">
                    <entry key="datacell" type="xstring" value="org.knime.core.data.def.StringCell"/>
                    <config key="org.knime.core.data.def.StringCell">
                        <entry key="StringCell" type="xstring" value="https://s3.sa-east-1.amazonaws.com/ckan.saude.gov.br/SIPNI/COVID/uf/uf%3DRR/part-00004-b0ace9e5-7a15-46a0-8348-eb9c629f5185.c000.csv"/>
                    </config>
                </config>
                <config key="3">
                    <entry key="datacell" type="xstring" value="org.knime.core.data.def.StringCell"/>
                    <config key="org.knime.core.data.def.StringCell">
                        <entry key="StringCell" type="xstring" value="https://s3.sa-east-1.amazonaws.com/ckan.saude.gov.br/SIPNI/COVID/uf/uf%3DSC/part-00000-b0ace9e5-7a15-46a0-8348-eb9c629f5185.c000.csv"/>
                    </config>
                </config>
                <config key="4">
                    <entry key="datacell" type="xstring" value="org.knime.core.data.def.StringCell"/>
                    <config key="org.knime.core.data.def.StringCell">
                        <entry key="StringCell" type="xstring" value="https://s3.sa-east-1.amazonaws.com/ckan.saude.gov.br/SIPNI/COVID/uf/uf%3DSC/part-00004-b0ace9e5-7a15-46a0-8348-eb9c629f5185.c000.csv"/>
                    </config>
                </config>
                <config key="5">
                    <entry key="datacell" type="xstring" value="org.knime.core.data.def.StringCell"/>
                    <config key="org.knime.core.data.def.StringCell">
                        <entry key="StringCell" type="xstring" value="https://s3.sa-east-1.amazonaws.com/ckan.saude.gov.br/SIPNI/COVID/uf/uf%3DSP/part-00000-b0ace9e5-7a15-46a0-8348-eb9c629f5185.c000.csv"/>
                    </config>
                </config>
                <config key="6">
                    <entry key="datacell" type="xstring" value="org.knime.core.data.def.StringCell"/>
                    <config key="org.knime.core.data.def.StringCell">
                        <entry key="StringCell" type="xstring" value="https://s3.sa-east-1.amazonaws.com/ckan.saude.gov.br/SIPNI/COVID/uf/uf%3DSP/part-00004-b0ace9e5-7a15-46a0-8348-eb9c629f5185.c000.csv"/>
                    </config>
                </config>
                <config key="7">
                    <entry key="datacell" type="xstring" value="org.knime.core.data.def.StringCell"/>
                    <config key="org.knime.core.data.def.StringCell">
                        <entry key="StringCell" type="xstring" value="https://s3.sa-east-1.amazonaws.com/ckan.saude.gov.br/SIPNI/COVID/uf/uf%3DSE/part-00000-b0ace9e5-7a15-46a0-8348-eb9c629f5185.c000.csv"/>
                    </config>
                </config>
                <config key="8">
                    <entry key="datacell" type="xstring" value="org.knime.core.data.def.StringCell"/>
                    <config key="org.knime.core.data.def.StringCell">
                        <entry key="StringCell" type="xstring" value="https://s3.sa-east-1.amazonaws.com/ckan.saude.gov.br/SIPNI/COVID/uf/uf%3DSE/part-00004-b0ace9e5-7a15-46a0-8348-eb9c629f5185.c000.csv"/>
                    </config>
                </config>
                <config key="9">
                    <entry key="datacell" type="xstring" value="org.knime.core.data.def.StringCell"/>
                    <config key="org.knime.core.data.def.StringCell">
                        <entry key="StringCell" type="xstring" value="https://s3.sa-east-1.amazonaws.com/ckan.saude.gov.br/SIPNI/COVID/uf/uf%3DTO/part-00000-b0ace9e5-7a15-46a0-8348-eb9c629f5185.c000.csv"/>
                    </config>
                </config>
                <config key="10">
                    <entry key="datacell" type="xstring" value="org.knime.core.data.def.StringCell"/>
                    <config key="org.knime.core.data.def.StringCell">
                        <entry key="StringCell" type="xstring" value="https://s3.sa-east-1.amazonaws.com/ckan.saude.gov.br/SIPNI/COVID/uf/uf%3DRS/part-00001-b0ace9e5-7a15-46a0-8348-eb9c629f5185.c000.csv"/>
                    </config>
                </config>
                <config key="11">
                    <entry key="datacell" type="xstring" value="org.knime.core.data.def.StringCell"/>
                    <config key="org.knime.core.data.def.StringCell">
                        <entry key="StringCell" type="xstring" value="https://s3.sa-east-1.amazonaws.com/ckan.saude.gov.br/SIPNI/COVID/uf/uf%3DRS/part-00002-b0ace9e5-7a15-46a0-8348-eb9c629f5185.c000.csv"/>
                    </config>
                </config>
                <config key="12">
                    <entry key="datacell" type="xstring" value="org.knime.core.data.def.StringCell"/>
                    <config key="org.knime.core.data.def.StringCell">
                        <entry key="StringCell" type="xstring" value="https://s3.sa-east-1.amazonaws.com/ckan.saude.gov.br/SIPNI/COVID/uf/uf%3DRS/part-00003-b0ace9e5-7a15-46a0-8348-eb9c629f5185.c000.csv"/>
                    </config>
                </config>
                <config key="13">
                    <entry key="datacell" type="xstring" value="org.knime.core.data.def.StringCell"/>
                    <config key="org.knime.core.data.def.StringCell">
                        <entry key="StringCell" type="xstring" value="https://s3.sa-east-1.amazonaws.com/ckan.saude.gov.br/SIPNI/COVID/uf/uf%3DRR/part-00001-b0ace9e5-7a15-46a0-8348-eb9c629f5185.c000.csv"/>
                    </config>
                </config>
                <config key="14">
                    <entry key="datacell" type="xstring" value="org.knime.core.data.def.StringCell"/>
                    <config key="org.knime.core.data.def.StringCell">
                        <entry key="StringCell" type="xstring" value="https://s3.sa-east-1.amazonaws.com/ckan.saude.gov.br/SIPNI/COVID/uf/uf%3DRR/part-00002-b0ace9e5-7a15-46a0-8348-eb9c629f5185.c000.csv"/>
                    </config>
                </config>
                <config key="15">
                    <entry key="datacell" type="xstring" value="org.knime.core.data.def.StringCell"/>
                    <config key="org.knime.core.data.def.StringCell">
                        <entry key="StringCell" type="xstring" value="https://s3.sa-east-1.amazonaws.com/ckan.saude.gov.br/SIPNI/COVID/uf/uf%3DRR/part-00003-b0ace9e5-7a15-46a0-8348-eb9c629f5185.c000.csv"/>
                    </config>
                </config>
                <config key="16">
                    <entry key="datacell" type="xstring" value="org.knime.core.data.def.StringCell"/>
                    <config key="org.knime.core.data.def.StringCell">
                        <entry key="StringCell" type="xstring" value="https://s3.sa-east-1.amazonaws.com/ckan.saude.gov.br/SIPNI/COVID/uf/uf%3DSC/part-00001-b0ace9e5-7a15-46a0-8348-eb9c629f5185.c000.csv"/>
                    </config>
                </config>
                <config key="17">
                    <entry key="datacell" type="xstring" value="org.knime.core.data.def.StringCell"/>
                    <config key="org.knime.core.data.def.StringCell">
                        <entry key="StringCell" type="xstring" value="https://s3.sa-east-1.amazonaws.com/ckan.saude.gov.br/SIPNI/COVID/uf/uf%3DSC/part-00002-b0ace9e5-7a15-46a0-8348-eb9c629f5185.c000.csv"/>
                    </config>
                </config>
                <config key="18">
                    <entry key="datacell" type="xstring" value="org.knime.core.data.def.StringCell"/>
                    <config key="org.knime.core.data.def.StringCell">
                        <entry key="StringCell" type="xstring" value="https://s3.sa-east-1.amazonaws.com/ckan.saude.gov.br/SIPNI/COVID/uf/uf%3DSC/part-00003-b0ace9e5-7a15-46a0-8348-eb9c629f5185.c000.csv"/>
                    </config>
                </config>
                <config key="19">
                    <entry key="datacell" type="xstring" value="org.knime.core.data.def.StringCell"/>
                    <config key="org.knime.core.data.def.StringCell">
                        <entry key="StringCell" type="xstring" value="https://s3.sa-east-1.amazonaws.com/ckan.saude.gov.br/SIPNI/COVID/uf/uf%3DSP/part-00001-b0ace9e5-7a15-46a0-8348-eb9c629f5185.c000.csv"/>
                    </config>
                </config>
                <config key="20">
                    <entry key="datacell" type="xstring" value="org.knime.core.data.def.StringCell"/>
                    <config key="org.knime.core.data.def.StringCell">
                        <entry key="StringCell" type="xstring" value="https://s3.sa-east-1.amazonaws.com/ckan.saude.gov.br/SIPNI/COVID/uf/uf%3DSP/part-00002-b0ace9e5-7a15-46a0-8348-eb9c629f5185.c000.csv"/>
                    </config>
                </config>
                <config key="21">
                    <entry key="datacell" type="xstring" value="org.knime.core.data.def.StringCell"/>
                    <config key="org.knime.core.data.def.StringCell">
                        <entry key="StringCell" type="xstring" value="https://s3.sa-east-1.amazonaws.com/ckan.saude.gov.br/SIPNI/COVID/uf/uf%3DSP/part-00003-b0ace9e5-7a15-46a0-8348-eb9c629f5185.c000.csv"/>
                    </config>
                </config>
                <config key="22">
                    <entry key="datacell" type="xstring" value="org.knime.core.data.def.StringCell"/>
                    <config key="org.knime.core.data.def.StringCell">
                        <entry key="StringCell" type="xstring" value="https://s3.sa-east-1.amazonaws.com/ckan.saude.gov.br/SIPNI/COVID/uf/uf%3DSE/part-00001-b0ace9e5-7a15-46a0-8348-eb9c629f5185.c000.csv"/>
                    </config>
                </config>
                <config key="23">
                    <entry key="datacell" type="xstring" value="org.knime.core.data.def.StringCell"/>
                    <config key="org.knime.core.data.def.StringCell">
                        <entry key="StringCell" type="xstring" value="https://s3.sa-east-1.amazonaws.com/ckan.saude.gov.br/SIPNI/COVID/uf/uf%3DSE/part-00002-b0ace9e5-7a15-46a0-8348-eb9c629f5185.c000.csv"/>
                    </config>
                </config>
                <config key="24">
                    <entry key="datacell" type="xstring" value="org.knime.core.data.def.StringCell"/>
                    <config key="org.knime.core.data.def.StringCell">
                        <entry key="StringCell" type="xstring" value="https://s3.sa-east-1.amazonaws.com/ckan.saude.gov.br/SIPNI/COVID/uf/uf%3DSE/part-00003-b0ace9e5-7a15-46a0-8348-eb9c629f5185.c000.csv"/>
                    </config>
                </config>
                <config key="25">
                    <entry key="datacell" type="xstring" value="org.knime.core.data.def.StringCell"/>
                    <config key="org.knime.core.data.def.StringCell">
                        <entry key="StringCell" type="xstring" value="https://s3.sa-east-1.amazonaws.com/ckan.saude.gov.br/SIPNI/COVID/uf/uf%3DTO/part-00001-b0ace9e5-7a15-46a0-8348-eb9c629f5185.c000.csv"/>
                    </config>
                </config>
                <config key="26">
                    <entry key="datacell" type="xstring" value="org.knime.core.data.def.StringCell"/>
                    <config key="org.knime.core.data.def.StringCell">
                        <entry key="StringCell" type="xstring" value="https://s3.sa-east-1.amazonaws.com/ckan.saude.gov.br/SIPNI/COVID/uf/uf%3DTO/part-00002-b0ace9e5-7a15-46a0-8348-eb9c629f5185.c000.csv"/>
                    </config>
                </config>
                <config key="27">
                    <entry key="datacell" type="xstring" value="org.knime.core.data.def.StringCell"/>
                    <config key="org.knime.core.data.def.StringCell">
                        <entry key="StringCell" type="xstring" value="https://s3.sa-east-1.amazonaws.com/ckan.saude.gov.br/SIPNI/COVID/uf/uf%3DTO/part-00003-b0ace9e5-7a15-46a0-8348-eb9c629f5185.c000.csv"/>
                    </config>
                </config>
                <config key="28">
                    <entry key="datacell" type="xstring" value="org.knime.core.data.def.StringCell"/>
                    <config key="org.knime.core.data.def.StringCell">
                        <entry key="StringCell" type="xstring" value="https://s3.sa-east-1.amazonaws.com/ckan.saude.gov.br/SIPNI/COVID/uf/uf%3DTO/part-00004-b0ace9e5-7a15-46a0-8348-eb9c629f5185.c000.csv"/>
                    </config>
                </config>
            </config>
        </config>
        <config key="column_properties"/>
        <config key="meta_data"/>
    </config>
    <config key="column_spec_1">
        <entry key="column_name" type="xstring" value="desc"/>
        <config key="element_names">
            <entry key="array-size" type="xint" value="0"/>
        </config>
        <config key="column_type">
            <entry key="cell_class" type="xstring" value="org.knime.core.data.def.StringCell"/>
        </config>
        <config key="column_domain">
            <config key="possible_values">
                <entry key="array-size" type="xint" value="29"/>
                <config key="0">
                    <entry key="datacell" type="xstring" value="org.knime.core.data.def.StringCell"/>
                    <config key="org.knime.core.data.def.StringCell">
                        <entry key="StringCell" type="xstring" value="Dados RS - Parte 5"/>
                    </config>
                </config>
                <config key="1">
                    <entry key="datacell" type="xstring" value="org.knime.core.data.def.StringCell"/>
                    <config key="org.knime.core.data.def.StringCell">
                        <entry key="StringCell" type="xstring" value="Dados RR - Parte 1"/>
                    </config>
                </config>
                <config key="2">
                    <entry key="datacell" type="xstring" value="org.knime.core.data.def.StringCell"/>
                    <config key="org.knime.core.data.def.StringCell">
                        <entry key="StringCell" type="xstring" value="Dados RR - Parte 5"/>
                    </config>
                </config>
                <config key="3">
                    <entry key="datacell" type="xstring" value="org.knime.core.data.def.StringCell"/>
                    <config key="org.knime.core.data.def.StringCell">
                        <entry key="StringCell" type="xstring" value="Dados SC - Parte 1"/>
                    </config>
                </config>
                <config key="4">
                    <entry key="datacell" type="xstring" value="org.knime.core.data.def.StringCell"/>
                    <config key="org.knime.core.data.def.StringCell">
                        <entry key="StringCell" type="xstring" value="Dados SC - Parte 5"/>
                    </config>
                </config>
                <config key="5">
                    <entry key="datacell" type="xstring" value="org.knime.core.data.def.StringCell"/>
                    <config key="org.knime.core.data.def.StringCell">
                        <entry key="StringCell" type="xstring" value="Dados SP - Parte 1"/>
                    </config>
                </config>
                <config key="6">
                    <entry key="datacell" type="xstring" value="org.knime.core.data.def.StringCell"/>
                    <config key="org.knime.core.data.def.StringCell">
                        <entry key="StringCell" type="xstring" value="Dados SP - Parte 5"/>
                    </config>
                </config>
                <config key="7">
                    <entry key="datacell" type="xstring" value="org.knime.core.data.def.StringCell"/>
                    <config key="org.knime.core.data.def.StringCell">
                        <entry key="StringCell" type="xstring" value="Dados SE - Parte 1"/>
                    </config>
                </config>
                <config key="8">
                    <entry key="datacell" type="xstring" value="org.knime.core.data.def.StringCell"/>
                    <config key="org.knime.core.data.def.StringCell">
                        <entry key="StringCell" type="xstring" value="Dados SE - Parte 5"/>
                    </config>
                </config>
                <config key="9">
                    <entry key="datacell" type="xstring" value="org.knime.core.data.def.StringCell"/>
                    <config key="org.knime.core.data.def.StringCell">
                        <entry key="StringCell" type="xstring" value="Dados TO - Parte 1"/>
                    </config>
                </config>
                <config key="10">
                    <entry key="datacell" type="xstring" value="org.knime.core.data.def.StringCell"/>
                    <config key="org.knime.core.data.def.StringCell">
                        <entry key="StringCell" type="xstring" value="Dados RS - Parte 2"/>
                    </config>
                </config>
                <config key="11">
                    <entry key="datacell" type="xstring" value="org.knime.core.data.def.StringCell"/>
                    <config key="org.knime.core.data.def.StringCell">
                        <entry key="StringCell" type="xstring" value="Dados RS - Parte 3"/>
                    </config>
                </config>
                <config key="12">
                    <entry key="datacell" type="xstring" value="org.knime.core.data.def.StringCell"/>
                    <config key="org.knime.core.data.def.StringCell">
                        <entry key="StringCell" type="xstring" value="Dados RS - Parte 4"/>
                    </config>
                </config>
                <config key="13">
                    <entry key="datacell" type="xstring" value="org.knime.core.data.def.StringCell"/>
                    <config key="org.knime.core.data.def.StringCell">
                        <entry key="StringCell" type="xstring" value="Dados RR - Parte 2"/>
                    </config>
                </config>
                <config key="14">
                    <entry key="datacell" type="xstring" value="org.knime.core.data.def.StringCell"/>
                    <config key="org.knime.core.data.def.StringCell">
                        <entry key="StringCell" type="xstring" value="Dados RR - Parte 3"/>
                    </config>
                </config>
                <config key="15">
                    <entry key="datacell" type="xstring" value="org.knime.core.data.def.StringCell"/>
                    <config key="org.knime.core.data.def.StringCell">
                        <entry key="StringCell" type="xstring" value="Dados RR - Parte 4"/>
                    </config>
                </config>
                <config key="16">
                    <entry key="datacell" type="xstring" value="org.knime.core.data.def.StringCell"/>
                    <config key="org.knime.core.data.def.StringCell">
                        <entry key="StringCell" type="xstring" value="Dados SC - Parte 2"/>
                    </config>
                </config>
                <config key="17">
                    <entry key="datacell" type="xstring" value="org.knime.core.data.def.StringCell"/>
                    <config key="org.knime.core.data.def.StringCell">
                        <entry key="StringCell" type="xstring" value="Dados SC - Parte 3"/>
                    </config>
                </config>
                <config key="18">
                    <entry key="datacell" type="xstring" value="org.knime.core.data.def.StringCell"/>
                    <config key="org.knime.core.data.def.StringCell">
                        <entry key="StringCell" type="xstring" value="Dados SC - Parte 4"/>
                    </config>
                </config>
                <config key="19">
                    <entry key="datacell" type="xstring" value="org.knime.core.data.def.StringCell"/>
                    <config key="org.knime.core.data.def.StringCell">
                        <entry key="StringCell" type="xstring" value="Dados SP - Parte 2"/>
                    </config>
                </config>
                <config key="20">
                    <entry key="datacell" type="xstring" value="org.knime.core.data.def.StringCell"/>
                    <config key="org.knime.core.data.def.StringCell">
                        <entry key="StringCell" type="xstring" value="Dados SP - Parte 3"/>
                    </config>
                </config>
                <config key="21">
                    <entry key="datacell" type="xstring" value="org.knime.core.data.def.StringCell"/>
                    <config key="org.knime.core.data.def.StringCell">
                        <entry key="StringCell" type="xstring" value="Dados SP - Parte 4"/>
                    </config>
                </config>
                <config key="22">
                    <entry key="datacell" type="xstring" value="org.knime.core.data.def.StringCell"/>
                    <config key="org.knime.core.data.def.StringCell">
                        <entry key="StringCell" type="xstring" value="Dados SE - Parte 2"/>
                    </config>
                </config>
                <config key="23">
                    <entry key="datacell" type="xstring" value="org.knime.core.data.def.StringCell"/>
                    <config key="org.knime.core.data.def.StringCell">
                        <entry key="StringCell" type="xstring" value="Dados SE - Parte 3"/>
                    </config>
                </config>
                <config key="24">
                    <entry key="datacell" type="xstring" value="org.knime.core.data.def.StringCell"/>
                    <config key="org.knime.core.data.def.StringCell">
                        <entry key="StringCell" type="xstring" value="Dados SE - Parte 4"/>
                    </config>
                </config>
                <config key="25">
                    <entry key="datacell" type="xstring" value="org.knime.core.data.def.StringCell"/>
                    <config key="org.knime.core.data.def.StringCell">
                        <entry key="StringCell" type="xstring" value="Dados TO - Parte 2"/>
                    </config>
                </config>
                <config key="26">
                    <entry key="datacell" type="xstring" value="org.knime.core.data.def.StringCell"/>
                    <config key="org.knime.core.data.def.StringCell">
                        <entry key="StringCell" type="xstring" value="Dados TO - Parte 3"/>
                    </config>
                </config>
                <config key="27">
                    <entry key="datacell" type="xstring" value="org.knime.core.data.def.StringCell"/>
                    <config key="org.knime.core.data.def.StringCell">
                        <entry key="StringCell" type="xstring" value="Dados TO - Parte 4"/>
                    </config>
                </config>
                <config key="28">
                    <entry key="datacell" type="xstring" value="org.knime.core.data.def.StringCell"/>
                    <config key="org.knime.core.data.def.StringCell">
                        <entry key="StringCell" type="xstring" value="Dados TO - Parte 5"/>
                    </config>
                </config>
            </config>
        </config>
        <config key="column_properties"/>
        <config key="meta_data"/>
    </config>
</config>
